id	name	acronym	type	topic_tags	start_date	end_date	location	abstract_deadline	paper_deadline	registration_deadline	early_bird_deadline	website	relevance_score	relevance_note	status	last_verified	last_change	source_urls
benasque-qnp-2025	Quantum Nanophotonics 2025	Benasque QNP	Workshop	nanophotonics;quantum optics;single-photon sources	2025-03-16	2025-03-22	Benasque, Spain	2025-01-17	n/a	TBA	n/a	https://benasque.org/2025quantumnanophotonics/	5	Directly on nanophotonics and single-photon sources	archived	2026-05-24	year roll-over from 2025 edition	https://benasque.org/2025quantumnanophotonics/
photonics-north-2025	Photonics North 2025	PN 2025	Conference	silicon photonics;integrated quantum photonics;quantum communication	2025-05-20	2025-05-23	Ottawa, Canada	TBA	TBA	TBA	TBA	TBA	3	Canadian photonics flagship with PIC and quantum sessions	archived	2026-05-24	year roll-over from 2025 edition	original list
benasque-sqt-2025	Spring School on Superconducting Qubit Technology 2025	Benasque SQT	Summer School	quantum computing hardware;cryogenic electronics	2025-05-21	2025-05-30	Benasque, Spain	TBA	n/a	TBA	n/a	https://benasque.org/2025sqt/	3	Cryogenic electronics for qubit control, adjacent to photonic detector systems	archived	2026-05-24	year roll-over from 2025 edition	https://benasque.org/2025sqt/
optica-quantum-2025	Optica Quantum 2.0 Conference and Exhibition 2025	Optica Quantum 2025	Conference	integrated quantum photonics;quantum optics;single-photon sources;quantum communication	2025-06-01	2025-06-05	San Francisco, CA, USA	TBA	TBA	TBA	TBA	https://optica.org/events/topical_meetings/quantum/	5	Premier global quantum photonics conference covering PICs, single photons, QKD	archived	2026-05-24	year roll-over from 2025 edition	https://optica.org/events/topical_meetings/quantum/
icols-2025	26th International Conference on Laser Spectroscopy	ICOLS 2025	Conference	quantum optics;nonlinear optics	2025-06-02	2025-06-07	Elba Island, Italy	2025-01-17	TBA	TBA	TBA	https://icols2025.it/	3	Laser spectroscopy with quantum optics relevance	archived	2026-05-24	year roll-over from 2025 edition	https://icols2025.it/
ecio-2025	European Conference on Integrated Optics 2025	ECIO 2025	Conference	integrated quantum photonics;photonic integrated circuits;silicon photonics	2025-06-10	2025-06-12	Cardiff, Wales, UK	TBA	TBA	TBA	TBA	https://ecio-conference.org/	5	Largest European dedicated integrated optics conference	archived	2026-05-24	year roll-over from 2025 edition	https://ecio-conference.org/
benasque-qi-2025	Quantum Information 2025	Benasque QI	Workshop	quantum communication;quantum optics	2025-06-15	2025-07-04	Benasque, Spain	TBA	n/a	TBA	n/a	https://benasque.org/	3	Quantum information including QKD and networking	archived	2026-05-24	year roll-over from 2025 edition	https://benasque.org/
damop-2025	56th APS Division of Atomic, Molecular and Optical Physics Meeting	DAMOP 2025	Conference	quantum optics;nonlinear optics	2025-06-16	2025-06-20	Portland, OR, USA	2025-01-31	2025-01-31	TBA	TBA	https://aps.org/events/2025/atomic-molecular-optical-physics	3	AMO physics flagship with quantum optics sessions	archived	2026-05-24	year roll-over from 2025 edition	https://aps.org/events/2025/atomic-molecular-optical-physics
cleo-europe-2025	CLEO/Europe-EQEC 2025	CLEO/Europe 2025	Conference	integrated quantum photonics;quantum optics;nonlinear optics;nanophotonics	2025-06-23	2025-06-27	Munich, Germany	2025-01-27	2025-01-27	TBA	TBA	https://cleoeurope.org/	5	Flagship European photonics and quantum optics conference (biennial)	archived	2026-05-24	year roll-over from 2025 edition	https://cleoeurope.org/
cewqo-2025	29th Central European Workshop on Quantum Optics	CEWQO 2025	Workshop	quantum optics;single-photon sources;quantum communication	2025-06-23	2025-06-27	Vilnius, Lithuania	TBA	n/a	TBA	n/a	https://ucan.physics.utoronto.ca/conferences/cewqo29/	4	Dedicated European workshop on quantum optics and single-photon physics	archived	2026-05-24	year roll-over from 2025 edition	https://ucan.physics.utoronto.ca/conferences/cewqo29/
icton-2025	25th International Conference on Transparent Optical Networks	ICTON 2025	Conference	photonic integrated circuits;silicon photonics;quantum communication	2025-07-06	2025-07-10	Barcelona, Spain	TBA	TBA	TBA	TBA	https://icton2025.upc.edu/	3	Transparent optical networks with PIC and quantum photonics tracks	archived	2026-05-24	year roll-over from 2025 edition	https://icton2025.upc.edu/
ieee-sum-2025	IEEE Summer Topicals Meeting Series 2025	IEEE SUM 2025	Conference	integrated quantum photonics;silicon photonics	2025-07-21	2025-07-23	Berlin, Germany	TBA	TBA	TBA	TBA	https://ieee-sum.org/	3	IEEE topical photonics sessions including PICs	archived	2026-05-24	year roll-over from 2025 edition	https://ieee-sum.org/
qcrypt-2025	QCrypt 2025	QCrypt 2025	Conference	quantum communication;QKD;quantum networking	2025-08-25	2025-08-29	Sanya, China	TBA	TBA	TBA	TBA	https://qcrypt.net/	4	Premier annual quantum cryptography and QKD conference	archived	2026-05-24	year roll-over from 2025 edition	https://qcrypt.net/
ecoc-2025	51st European Conference on Optical Communication	ECOC 2025	Conference	photonic integrated circuits;silicon photonics;quantum communication	2025-09-28	2025-10-02	Copenhagen, Denmark	TBA	TBA	TBA	TBA	https://ecoc2025.org/	4	Europe's biggest optical comms conference with PIC and quantum tracks	archived	2026-05-24	year roll-over from 2025 edition	https://ecoc2025.org/
moc-2025	30th Microoptics Conference	MOC 2025	Conference	photonic integrated circuits;nanophotonics	2025-10-12	2025-10-15	Tochigi, Japan	2025-05-16	TBA	TBA	TBA	TBA	3	Micro- and nano-optics with PIC sessions	archived	2026-05-24	year roll-over from 2025 edition	original list
fio-2025	Frontiers in Optics + Laser Science 2025	FiO+LS 2025	Conference	quantum optics;nonlinear optics;nanophotonics	2025-10-27	2025-10-30	Denver, CO, USA	TBA	TBA	TBA	TBA	https://frontiersinoptics.com/	3	Broad US optics conference with quantum photonics components	archived	2026-05-24	year roll-over from 2025 edition	https://frontiersinoptics.com/
piers-fall-2025	Photonics & Electromagnetics Research Symposium — Fall 2025	PIERS Fall 2025	Symposium	photonic integrated circuits;nanophotonics	2025-11-04	2025-11-08	Chiba, Japan	TBA	TBA	TBA	TBA	TBA	2	General EM/photonics symposium; peripherally relevant	archived	2026-05-24	year roll-over from 2025 edition	original list
acp-2025	Asia Communications and Photonics Conference 2025	ACP 2025	Conference	photonic integrated circuits;quantum communication	2025-11-05	2025-11-08	Jiangsu, China	2025-08-01	TBA	TBA	TBA	TBA	3	Asia-Pacific photonics flagship with quantum sessions	archived	2026-05-24	year roll-over from 2025 edition	original list
ipc-2025	IEEE Photonics Conference 2025	IPC 2025	Conference	integrated quantum photonics;photonic integrated circuits;silicon photonics	2025-11-09	2025-11-13	Singapore	TBA	TBA	TBA	TBA	https://ieee-ipc.org/	4	IEEE flagship photonics devices and integrated systems conference	archived	2026-05-24	year roll-over from 2025 edition	https://ieee-ipc.org/
optima-2025	Optical Communication, Photonics, Telecommunications, and Intelligent Machine Applications	OPTIMA 2025	Conference	photonic integrated circuits	2025-12-04	2025-12-05	Tashkent, Uzbekistan	TBA	TBA	TBA	TBA	TBA	2	Regional optics/photonics conference; limited quantum scope	archived	2026-05-24	year roll-over from 2025 edition	original list
pgc-2025	Photonics Global Conference 2025	PGC 2025	Conference	photonic integrated circuits;nanophotonics	2025-12-05	2025-12-08	Sanya, China	TBA	TBA	TBA	TBA	TBA	2	Asia-Pacific photonics conference; some PIC tracks	archived	2026-05-24	year roll-over from 2025 edition	original list
icisct-2025	International Conference on Information Science and Communications Technologies	ICISCT 2025	Conference	quantum communication	2025-12-26	2025-12-27	Kathmandu, Nepal	TBA	TBA	TBA	TBA	TBA	2	Broad ICT conference; limited photonics scope	archived	2026-05-24	year roll-over from 2025 edition	original list
photonics-west-2026	SPIE Photonics West 2026	PW 2026	Conference	integrated quantum photonics;silicon photonics;nonlinear optics;single-photon sources	2026-01-17	2026-01-22	San Francisco, CA, USA	2025-07-09	TBA	TBA	TBA	https://spie.org/photonics-west	5	SPIE flagship with Quantum West and Si-photonics tracks	archived	2026-05-24	year roll-over; Photonics West 2027 now announced (Jan 30–Feb 4)	https://spie.org/photonics-west
qip-2026	29th Quantum Information Processing Conference	QIP 2026	Conference	quantum communication;quantum computing hardware;quantum networking	2026-01-26	2026-01-30	Riga, Latvia	2025-09-12	2025-10-10	TBA	TBA	https://qip2026.lu.lv/	4	Premier quantum information conference; networking and photonic hardware sessions	archived	2026-05-24	year roll-over; QIP 2027 Singapore announced	https://qip2026.lu.lv/
dpg-samop-2026	DPG Frühjahrstagung SAMOP 2026	DPG SAMOP 2026	Conference	quantum optics;nanophotonics;integrated quantum photonics	2026-03-01	2026-03-06	Mainz, Germany	TBA	TBA	TBA	TBA	https://mainz26.dpg-tagungen.de	4	German physics society AMO/photonics spring meeting — easily accessible from Münster	archived	2026-05-24	year roll-over; DPG SAMOP 2027 Hannover announced	https://mainz26.dpg-tagungen.de
nanolight-2026	Nanolight Conference 2026	Nanolight 2026	Conference	nanophotonics;2D-material photonics;quantum optics;plasmonics	2026-03-02	2026-03-06	Benasque, Spain	2025-12-15	n/a	2026-02-15	n/a	https://benasque.org/2026nanolight/	5	European nanophotonics / near-field / 2D-material flagship	archived	2026-05-24	year roll-over	https://benasque.org/2026nanolight/
dpg-skm-2026	DPG Frühjahrstagung SKM 2026	DPG SKM 2026	Conference	silicon photonics;nanophotonics;2D-material photonics	2026-03-08	2026-03-13	Dresden, Germany	TBA	TBA	TBA	TBA	https://dresden26.dpg-tagungen.de	3	Condensed matter sessions on photonics materials and devices	archived	2026-05-24	year roll-over	https://dresden26.dpg-tagungen.de
ofc-2026	Optical Fiber Communication Conference 2026	OFC 2026	Conference	photonic integrated circuits;silicon photonics;quantum communication	2026-03-15	2026-03-19	Los Angeles, CA, USA	TBA	TBA	TBA	TBA	https://ofcconference.org/	4	World's largest optical comms conference with PIC and quantum networking sessions	archived	2026-05-24	year roll-over; OFC 2027 Los Angeles Mar 7-11 announced	https://ofcconference.org/
aps-march-2026	APS Global Physics Summit 2026	APS 2026	Conference	quantum optics;quantum computing hardware;integrated quantum photonics	2026-03-16	2026-03-20	Denver, CO, USA	2025-10-31	2025-10-31	TBA	TBA	https://summit.aps.org/	4	Largest physics meeting; major quantum photonics and computing sessions	archived	2026-05-24	year roll-over; confirmed as joint March+April Global Physics Summit; APS 2027 Atlanta Apr 11-16	https://summit.aps.org/; https://march.aps.org/
spie-pe-2026	SPIE Photonics Europe 2026	SPIE PE 2026	Conference	integrated quantum photonics;silicon photonics;nanophotonics	2026-04-12	2026-04-16	Strasbourg, France	TBA	TBA	TBA	TBA	https://spie.org/photonics-europe	5	Major European SPIE photonics conference with quantum integrated sessions	archived	2026-05-24	year roll-over	https://spie.org/photonics-europe
ieee-siphotonics-2026	IEEE Silicon Photonics Conference 2026	IEEE SiPho 2026	Conference	silicon photonics;photonic integrated circuits;III-V on Si	2026-04-13	2026-04-15	Ottawa, ON, Canada	2025-10-03	TBA	TBA	TBA	https://ieee-siphotonics.org/	5	Dedicated silicon photonics conference — direct relevance to PICs	archived	2026-05-24	year roll-over	https://ieee-siphotonics.org/
ieee-qpain-2026	IEEE 2nd International Conference on Quantum Photonics, AI & Networking	IEEE QPAIN 2026	Conference	integrated quantum photonics;quantum networking	2026-04-16	2026-04-18	Chattogram, Bangladesh	TBA	TBA	TBA	TBA	https://qpain.org/	3	Quantum photonics and networking conference (IEEE-sponsored)	archived	2026-05-24	year roll-over	https://qpain.org/
inp-webinar-2026	Webinar on InP platform for NIR and MIR applications	InP Webinar	Seminar	photonic integrated circuits;III-V on Si	2026-04-17	2026-04-17	Online	TBA	n/a	TBA	n/a	https://inphomir.eu/1st-webinar/	4	III-V InP PIC platform — directly relevant to quantum light-source integration	archived	2026-05-24	year roll-over	https://inphomir.eu/1st-webinar/
eftf-2026	European Frequency and Time Forum 2026	EFTF 2026	Conference	quantum optics;quantum communication	2026-04-20	2026-04-23	Noordwijk, The Netherlands	TBA	TBA	TBA	TBA	https://www.eftf.org/home	2	Frequency/time standards; quantum photonic metrology peripherally relevant	archived	2026-05-24	year roll-over	https://www.eftf.org/home
spie-ds-2026	SPIE Defense + Security 2026	SPIE D+S 2026	Conference	single-photon sources;quantum communication	2026-04-26	2026-04-30	National Harbor, MD, USA	TBA	TBA	TBA	TBA	https://spie.org/defense-and-commercial-sensing	2	Defense photonics with some single-photon sensing sessions	archived	2026-05-24	year roll-over	https://spie.org/defense-and-commercial-sensing
bqit-2026	Bristol Quantum Information Technologies Workshop 2026	BQIT 2026	Workshop	integrated quantum photonics;quantum communication;quantum computing hardware	2026-04-27	2026-04-29	Bristol, UK	TBA	n/a	TBA	n/a	https://www.bristol.ac.uk/qet-labs/events/bqit-workshop/	5	UK quantum photonics workshop — PICs, single photons, quantum networking	archived	2026-05-24	year roll-over	https://www.bristol.ac.uk/qet-labs/events/bqit-workshop/
quantumatter-2026	QUANTUMatter 2026	QUANTU 2026	Conference	quantum computing hardware;quantum optics;nanophotonics	2026-04-27	2026-04-30	Barcelona, Spain	2026-02-11	n/a	2026-03-06	2026-02-23	https://www.quantumconf.eu/2026/	3	Quantum materials and devices, including photonic quantum systems	archived	2026-05-24	year roll-over	https://www.quantumconf.eu/2026/
ampd-2026	Annual Meeting Photonic Devices 2026	AMPD 2026	Conference	photonic integrated circuits;nanophotonics	2026-04-28	2026-04-30	TBA	TBA	TBA	TBA	TBA	https://www.zib.de/workshop-photonic-devices/	4	German photonic devices annual meeting — directly relevant to group's fabrication work	archived	2026-05-24	year roll-over	https://www.zib.de/workshop-photonic-devices/
cleo-2026	Conference on Lasers and Electro-Optics 2026	CLEO 2026	Conference	integrated quantum photonics;quantum optics;nonlinear optics;silicon photonics;single-photon sources	2026-05-17	2026-05-21	Charlotte, NC, USA	2025-11-18	n/a	TBA	TBA	https://cleoconference.org/	5	Premier US laser/photonics conference; major IQP, Si-PIC and quantum optics sessions	archived	2026-05-24	archived; concluded May 17–21 2026 Charlotte NC; proceedings via OSA/Optica Publishing	https://cleoconference.org/; https://cleoconference.org/conference-archives/
qnetworks-2026	QNetworks 2026 Workshop	QNetworks 2026	Workshop	quantum networking;quantum communication;integrated quantum photonics;QKD	2026-05-12	2026-05-13	Bristol, UK	TBA	n/a	TBA	n/a	https://iqnhub.org/qnetworks-2026/	4	UK quantum networks workshop — integrated photonics for QKD, field trials, entanglement distribution	archived	2026-05-24	new entry (archived); held May 12-13 Bristol Megascreen; organised by UK IQN Hub	https://iqnhub.org/qnetworks-2026/; https://www.eventbrite.co.uk/e/qnetworks-workshop-2026-future-quantum-networks-tickets-1981318504984
damop-2026	57th APS Division of Atomic, Molecular and Optical Physics Meeting	DAMOP 2026	Conference	quantum optics;nonlinear optics;single-photon sources	2026-06-01	2026-06-05	Providence, RI, USA	2026-01-23	TBA	TBA	TBA	https://aps.org/events/2026/damop-meeting-2026	3	AMO physics flagship with quantum optics and single-photon sessions	upcoming	2026-05-24	starts in 8 days (Jun 1-5 Rhode Island Convention Center); registration open	https://aps.org/events/2026/damop-meeting-2026
photonics-north-2026	Photonics North 2026	PN 2026	Conference	silicon photonics;integrated quantum photonics;quantum communication	2026-06-01	2026-06-04	TBA	TBA	TBA	TBA	TBA	TBA	3	Canadian national photonics conference with PIC and quantum sessions	upcoming	2026-05-24	no change; location TBA	original list
cargese-qt-2026	Summer School on Quantum Technologies for Computation and Communication	QT4CC 2026	Summer School	quantum communication;quantum computing hardware;quantum networking	2026-06-08	2026-06-20	Cargèse (Corsica), France	TBA	n/a	TBA	n/a	https://qt4cc.sciencesconf.org/	4	PhD summer school on quantum computation and communication — ideal for group's PhD students	upcoming	2026-05-24	new entry; Jun 8-20 at Institut d'Études Scientifiques de Cargèse	https://qt4cc.sciencesconf.org/; https://gdr-teq.cnrs.fr/cevent/629/
spie-pfq-2026	SPIE Photonics for Quantum 2026	PfQ 2026	Conference	integrated quantum photonics;single-photon sources;quantum communication;quantum computing hardware	2026-06-08	2026-06-11	Waterloo, ON, Canada	2026-03-01	n/a	TBA	TBA	https://spie.org/conferences-and-exhibitions/photonics-for-quantum	5	Dedicated quantum photonics conference — bullseye for AG Schuck	cfp_closed	2026-05-24	confirmed Jun 8-11 Waterloo; post-deadline submissions open	https://spie.org/PFQ26/conferencedetails/photonics-for-quantum
islc-2026	30th International Semiconductor Laser Conference	ISLC 2026	Conference	single-photon sources;III-V on Si;photonic integrated circuits	2026-06-14	2026-06-17	Tampere, Finland	2026-02-05	TBA	TBA	TBA	https://events.tuni.fi/islc2026/	4	III-V semiconductor laser conference — key for quantum light source development	cfp_closed	2026-05-24	abstract deadline was extended to 2026-02-05 (now closed)	https://events.tuni.fi/islc2026/; https://ieeephotonics.org/event/2026-30th-international-semiconductor-laser-conference-islc/
grc-quantum-science-2026	Gordon Research Conference — Quantum Science 2026	GRC QS 2026	Conference	quantum optics;quantum computing hardware;quantum communication;integrated quantum photonics	2026-06-14	2026-06-19	Easton, MA, USA	TBA	n/a	2026-06-28	n/a	https://www.grc.org/quantum-science-conference/2026/	4	GRC on quantum science covering photonic quantum systems and quantum information	upcoming	2026-05-24	new entry; application deadline Jun 28	https://www.grc.org/quantum-science-conference/2026/
icap-2026	29th International Conference on Atomic Physics	ICAP 2026	Conference	quantum optics;nonlinear optics	2026-06-14	2026-06-19	Wuhan, China	TBA	TBA	TBA	TBA	https://www.icap29.com/home.html	3	Atomic physics conference with quantum optics and light-matter interaction sessions	upcoming	2026-05-24	confirmed Jun 14-19 Wuhan	https://www.icap29.com/home.html
ecio-2026	European Conference on Integrated Optics 2026	ECIO 2026	Conference	integrated quantum photonics;photonic integrated circuits;silicon photonics;nanophotonics	2026-06-15	2026-06-17	Zürich, Switzerland	TBA	TBA	2026-06-01	2026-05-11	https://ecio-conference.org/	5	Largest European integrated optics conference — core relevance for AG Schuck	cfp_closed	2026-05-24	registration deadline Jun 1; early-bird passed May 11; hosted at ETH Zürich	https://www.ecio-conference.org/; https://www.ecio-conference.org/deadlines/
optica-quantum-2026	Optica Quantum 2.0 Conference and Exhibition 2026	Optica Quantum 2026	Conference	integrated quantum photonics;quantum optics;single-photon sources;quantum communication;quantum computing hardware	2026-06-15	2026-06-18	Glasgow, UK	2026-02-10	n/a	2026-05-29	2026-05-01	https://www.optica.org/events/topical_meetings/quantum/	5	Premier quantum photonics conference spanning PICs, detectors, QKD, and hardware	cfp_closed	2026-05-24	REGISTRATION DEADLINE 2026-05-29 (5 DAYS AWAY); early bird closed May 1; Scottish Event Campus	https://www.optica.org/events/topical_meetings/quantum/; https://www.optica.org/events/topical_meetings/quantum/registration/
icop-2026	Italian Conference on Optics and Photonics 2026	ICOP 2026	Conference	integrated quantum photonics;quantum optics;nanophotonics	2026-06-15	2026-06-17	L'Aquila, Italy	TBA	TBA	TBA	TBA	https://www.icop2026.it/	3	Italian national photonics conference with quantum tracks	upcoming	2026-05-24	no change	https://www.icop2026.it/
ccw-london-2026	Critical Communications World London 2026	CCW 2026	Conference	quantum communication;quantum networking	2026-06-16	2026-06-18	London, UK	TBA	TBA	TBA	TBA	https://www.critical-communications-world.com/	2	Critical comms industry event; QKD sessions of marginal relevance	upcoming	2026-05-24	no change	https://www.critical-communications-world.com/call-for-content
egas-2026	57th Conference of the European Group on Atomic Systems	EGAS 2026	Conference	quantum optics;nonlinear optics	2026-06-21	2026-06-25	Toruń, Poland	TBA	TBA	TBA	TBA	https://egas57.org/	3	European atomic systems conference with quantum optics and light-matter sessions	upcoming	2026-05-24	no change	https://egas57.org/
benasque-qsi-2026	Quantum Science: Implementations 2026	Benasque QSI	Workshop	integrated quantum photonics;quantum computing hardware;quantum communication	2026-06-21	2026-07-04	Benasque, Spain	TBA	n/a	TBA	n/a	https://benasque.org/	4	Benasque workshop on quantum implementations including photonic platforms	upcoming	2026-05-24	confirmed Jun 21–Jul 4 Benasque	https://benasque.org/; https://www.benasque.org/new_general/cgi-bin/years.pl?ano=2026
les-houches-pa-2026	Photons & Atoms 2026 — Les Houches Doctoral School	Les Houches PA 2026	Summer School	quantum optics;nonlinear optics;integrated quantum photonics;single-photon sources	2026-06-22	2026-07-03	Les Houches, France	TBA	n/a	TBA	n/a	https://photon-atoms-26.leshouches.science/	5	Leading European doctoral school on photons, quantum gases and quantum technologies	upcoming	2026-05-24	new entry; Jun 22–Jul 3; covers quantum optics, light-matter interaction and QT	https://photon-atoms-26.leshouches.science/; https://first-tf.com/doctoral-training-on-atoms-and-photons-ecole-de-physique-des-houches-france-june-22nd-to-july-3rd-2026/
iqt-nordics-2026	IQT Nordics 2026 — Quantum Technology in a Changing World	IQT Nordics 2026	Conference	quantum communication;quantum computing hardware;integrated quantum photonics	2026-06-22	2026-06-24	Oslo, Norway	TBA	n/a	TBA	TBA	https://iqtevent.com/nordics/	3	Nordic quantum industry conference with hardware and QKD sessions	upcoming	2026-05-24	new entry; Jun 22-24 OsloMet University	https://iqtevent.com/nordics/; https://www.oslomet.no/en/about/events/iqt-nordics-2026
quantum-tech-world-2026	Quantum.Tech World 2026	Q.Tech World 2026	Conference	quantum computing hardware;quantum communication;integrated quantum photonics	2026-06-25	2026-06-26	Boston, MA, USA	TBA	n/a	TBA	TBA	https://www.alphaevents.com/events-quantumtechus	2	Industry quantum technology event; limited deep-science content	upcoming	2026-05-24	no change	https://www.alphaevents.com/events-quantumtechus
oecc-2026	31st OptoElectronics and Communications Conference	OECC 2026	Conference	photonic integrated circuits;silicon photonics;quantum communication	2026-06-28	2026-07-02	Busan, South Korea	TBA	TBA	TBA	TBA	TBA	3	Asia-Pacific optoelectronics and comms conference with PIC sessions	upcoming	2026-05-24	no change	original list
quantum-korea-2026	Quantum Korea 2026	Quantum Korea 2026	Conference	quantum computing hardware;quantum communication;integrated quantum photonics	2026-07-02	2026-07-04	Seoul, South Korea	TBA	n/a	TBA	TBA	https://quantum-korea.kr/en/main	2	Government-organised Korean quantum technology showcase	upcoming	2026-05-24	no change	https://quantum-korea.kr/en/main
spw-2026	12th Single Photon Workshop	SPW 2026	Workshop	single-photon sources;SNSPDs;quantum optics;quantum communication	2026-07-06	2026-07-10	Naples, Italy	TBA	n/a	TBA	TBA	https://spw2026.org/	5	THE dedicated single-photon workshop — central to AG Schuck's detector and source work	cfp_closed	2026-05-24	confirmed Jul 6-10 Naples (Univ. Federico II); registration open; abstract submission was via EasyChair	https://spw2026.org/; https://iqnhub.org/2026-single-photon-workshop-registration-open/
icton-2026	26th International Conference on Transparent Optical Networks	ICTON 2026	Conference	photonic integrated circuits;silicon photonics;quantum communication	2026-07-12	2026-07-16	Prague, Czech Republic	TBA	TBA	TBA	TBA	https://www.gov.pl/web/instytut-lacznosci/icton-2026	3	Transparent optical networks with PIC and quantum photonics tracks	upcoming	2026-05-24	no change	https://www.gov.pl/web/instytut-lacznosci/icton-2026
ieee-sum-2026	IEEE Summer Topicals Meeting Series 2026	IEEE SUM 2026	Conference	photonic integrated circuits;silicon photonics;integrated quantum photonics	2026-07-13	2026-07-15	Tulum, Mexico	TBA	TBA	TBA	TBA	https://ieee-sum.org/	3	IEEE focused topical photonics sessions	upcoming	2026-05-24	no change	https://ieee-sum.org/
grc-plasmonics-nano-2026	Gordon Research Conference — Plasmonics and Nanophotonics 2026	GRC PNP 2026	Conference	nanophotonics;plasmonics;quantum optics;2D-material photonics	2026-07-19	2026-07-24	Newry, ME, USA	TBA	n/a	2026-06-21	n/a	https://www.grc.org/plasmonics-and-nanophotonics-conference/2026/	5	GRC on quantum nanophotonics, plasmonics and 2D photonics — highly relevant to AG Schuck	upcoming	2026-05-24	new entry; application deadline Jun 21	https://www.grc.org/plasmonics-and-nanophotonics-conference/2026/
cewqo-2026	30th Central European Workshop on Quantum Optics	CEWQO30 2026	Workshop	quantum optics;single-photon sources;nonlinear optics;integrated quantum photonics	2026-07-20	2026-07-24	Erlangen, Germany	TBA	n/a	TBA	n/a	https://www.lightmatter.fau.de/2026/04/cewqo30-the-30th-central-european-workshop-on-quantum-optics-2026/	5	European quantum optics workshop co-hosted by FAU/MPL Erlangen — close to Münster	upcoming	2026-05-24	new entry; Jul 20-24 Erlangen, hosted by Chekhova/Marquardt groups	https://www.lightmatter.fau.de/2026/04/cewqo30-the-30th-central-european-workshop-on-quantum-optics-2026/; https://www.oqt.nat.fau.de/events/
apc-2026	Optica Advanced Photonics Congress 2026	APC 2026	Conference	integrated quantum photonics;nonlinear optics;nanophotonics	2026-07-26	2026-07-30	TBA	TBA	TBA	TBA	TBA	https://www.optica.org/events/congress/advanced_photonics_congress/	4	Optica congress including nonlinear photonics, waveguides and integrated circuits	upcoming	2026-05-24	no change; location TBA	https://www.optica.org/events/congress/advanced_photonics_congress/
grc-mech-quant-2026	Gordon Research Conference — Mechanical Systems in the Quantum Regime 2026	GRC MSQR 2026	Conference	optomechanics;quantum computing hardware	2026-07-26	2026-07-31	Lucca (Barga), Italy	TBA	n/a	TBA	n/a	https://www.grc.org/mechanical-systems-in-the-quantum-regime-conference/2026/	4	Optomechanics GRC — relevant to cavity-optomechanical quantum transducers	upcoming	2026-05-24	new entry; Jul 26-31 Lucca Italy	https://www.grc.org/mechanical-systems-in-the-quantum-regime-conference/2026/
lake-como-ufqp-2026	New Frontiers in Ultrafast Quantum Optics — Lake Como School	UFQP 2026	Summer School	quantum optics;nonlinear optics;single-photon sources	2026-07-27	2026-07-31	Como, Italy	2026-05-31	n/a	TBA	n/a	https://ufqp.lakecomoschool.org/	4	Summer school on ultrafast quantum optics — photon correlations and time-frequency entanglement	upcoming	2026-05-24	APPLICATION DEADLINE 2026-05-31 (7 DAYS AWAY — STILL OPEN); max 40 places; Villa del Grumello	https://ufqp.lakecomoschool.org/; https://www.quantiki.org/conference/summer-school-new-frontiers-ultrafast-quantum-optics
meta-2026	16th International Conference on Metamaterials, Photonic Crystals and Plasmonics	META 2026	Conference	nanophotonics;plasmonics;quantum optics;2D-material photonics	2026-07-14	2026-07-17	Dublin, Ireland	2026-02-13	n/a	TBA	2026-04-24	https://metaconferences.org/META26/index.php/META	4	Metamaterials/nanophotonics conference with dedicated quantum photonics workshop and plasmonics sessions	cfp_closed	2026-05-24	new entry; Trinity College Dublin Jul 14-17; oral deadline Feb 13 and poster Mar 13 (both closed); META Quantum Workshop included	https://metaconferences.org/META26/index.php/META; https://metaconferences.org/META26/index.php/META/workshop
ieee-rapid-2026	IEEE Research and Applications of Photonics in Defense 2026	IEEE RAPID 2026	Conference	single-photon sources;quantum communication	2026-08-05	2026-08-07	Miramar Beach, FL, USA	TBA	TBA	TBA	TBA	https://ieee-rapid.org/	2	Defense photonics; some single-photon sensing sessions	upcoming	2026-05-24	no change	https://ieee-rapid.org/
spie-op-2026	SPIE Optics + Photonics 2026	SPIE O+P 2026	Conference	integrated quantum photonics;nanophotonics;quantum optics;single-photon sources	2026-08-23	2026-08-27	San Diego, CA, USA	TBA	TBA	TBA	TBA	https://spie.org/optics-and-photonics	4	SPIE major annual meeting with quantum nanophotonics and quantum technologies tracks	upcoming	2026-05-24	dates confirmed Aug 23-27 San Diego; exhibition Aug 25-27; registration opening soon	https://spie.org/optics-and-photonics
qcrypt-2026	QCrypt 2026	QCrypt 2026	Conference	quantum communication;QKD;quantum networking	2026-08-24	2026-08-28	Ottawa, Canada	TBA	TBA	TBA	TBA	https://qcrypt.net/2026/	4	Premier annual QKD and quantum cryptography conference	upcoming	2026-05-24	confirmed Aug 24-28 Ottawa (Learning Crossroads CRX)	https://qcrypt.net/2026/
eosam-2026	European Optical Society Annual Meeting 2026	EOSAM 2026	Conference	integrated quantum photonics;nanophotonics;nonlinear optics	2026-08-24	2026-08-28	Tampere, Finland	2026-04-14	TBA	TBA	2026-06-15	https://www.europeanoptics.org/events/eos/eosam2026.html	4	EOS flagship European photonics meeting with strong quantum photonics programme	cfp_closed	2026-05-24	abstract deadline Apr 14 (closed); early bird registration Jun 15; post-deadline poster Jul 15	https://www.europeanoptics.org/events/eos/eosam2026.html; https://www.europeanoptics.org/pages/events/eosam-2026/registration/
tqc-2026	Theory of Quantum Computation, Communication and Cryptography 2026	TQC 2026	Conference	quantum communication;quantum computing hardware;quantum networking	2026-08-31	2026-09-04	Sherbrooke, QC, Canada	TBA	TBA	TBA	TBA	https://tqc-conference.org/2026/	3	Theory conference for quantum communication, computation and cryptography	upcoming	2026-05-24	new entry	https://tqc-conference.org/2026/
asc-2026	Applied Superconductivity Conference 2026	ASC 2026	Conference	SNSPDs;cryogenic electronics;single-photon sources	2026-09-06	2026-09-11	Pittsburgh, PA, USA	2026-02-02	TBA	TBA	TBA	https://appliedsuperconductivity.org/asc2026/	4	Premier superconductivity conference with major SNSPD and cryogenic electronics sessions	cfp_closed	2026-05-24	abstract deadline extended to Feb 2 (now closed); acceptance notifications Mar 16; registration open	https://appliedsuperconductivity.org/asc2026/; https://www.appliedsuperconductivity.org/asc2026/important-dates/
inphomir-school-2026	INPHOMIR Photonics School 2026	INPHOMIR School	Summer School	photonic integrated circuits;III-V on Si	2026-09-07	2026-09-11	Bari, Italy	TBA	n/a	TBA	n/a	https://inphomir.eu/inphomir-school-program/	4	Dedicated InP/III-V photonics school for NIR/MIR applications	upcoming	2026-05-24	no change	https://inphomir.eu/inphomir-school-program/
ieee-qce26	IEEE Quantum Week 2026	QCE26	Conference	quantum computing hardware;quantum communication;integrated quantum photonics	2026-09-13	2026-09-18	Toronto, ON, Canada	2026-04-13	2026-04-13	TBA	TBA	https://qce.quantum.ieee.org/2026/	3	IEEE quantum week with photonic quantum computing and QKD sessions	cfp_closed	2026-05-24	paper deadline Apr 13 closed; workshop paper abstract Jun 22; poster Phase 1 Jun 1; Sep 13-18 Metro Toronto CC	https://qce.quantum.ieee.org/2026/; https://qce.quantum.ieee.org/2026/submission-deadlines/
ecoc-2026	European Conference on Optical Communication 2026	ECOC 2026	Conference	photonic integrated circuits;silicon photonics;quantum communication;integrated quantum photonics	2026-09-20	2026-09-24	Málaga, Spain	2026-04-22	2026-04-22	TBA	TBA	https://ecoc2026.org/	4	Europe's flagship optical comms conference with quantum technologies track	cfp_closed	2026-05-24	paper submission closed Apr 22; demo paper deadline May 31; registration open; FYCMA venue Málaga	https://ecoc2026.org/; https://www.ecocexhibition.com/register/
mne-2026	International Conference on Micro and Nano Engineering 2026	MNE 2026	Conference	photonic integrated circuits;nanophotonics;2D-material photonics	2026-09-21	2026-09-24	Interlaken, Switzerland	TBA	TBA	TBA	TBA	https://mne2026.imnes.org/	3	Nanofabrication conference relevant to photonic device processing	upcoming	2026-05-24	no change	https://mne2026.imnes.org/
fio-2026	Frontiers in Optics + Laser Science 2026	FiO+LS 2026	Conference	quantum optics;nonlinear optics;nanophotonics	2026-09-27	2026-09-30	Rochester, NY, USA	TBA	TBA	TBA	TBA	https://frontiersinoptics.com/	3	Broad US photonics conference with quantum optics tracks	upcoming	2026-05-24	no change	https://frontiersinoptics.com/
hdqs-2026	High-Dimensional Quantum Systems Workshop 2026	HDQS 2026	Workshop	quantum optics;quantum communication;integrated quantum photonics	2026-10-04	2026-10-09	Benasque, Spain	TBA	n/a	TBA	n/a	https://benasque.org/2026hdqs/	4	Benasque workshop on high-dimensional quantum photonics and quantum information	upcoming	2026-05-24	no change	https://benasque.org/2026hdqs/
photonics-days-2026	Photonics Days Berlin 2026	PDB 2026	Conference	integrated quantum photonics;photonic integrated circuits;nanophotonics	2026-10-07	2026-10-08	Berlin, Germany	TBA	TBA	TBA	TBA	https://photonic-days-berlin.com/	3	German photonics industry and research meeting	upcoming	2026-05-24	no change	https://photonic-days-berlin.com/
ipc-2026	IEEE Photonics Conference 2026	IPC 2026	Conference	integrated quantum photonics;photonic integrated circuits;silicon photonics	2026-11-08	2026-11-12	Denver, CO, USA	TBA	TBA	TBA	TBA	https://ieee-ipc.org/	4	IEEE flagship photonics devices and integrated systems conference	upcoming	2026-05-24	no change	https://ieee-ipc.org/
eqtc-2026	European Quantum Technologies Conference 2026	EQTC 2026	Conference	integrated quantum photonics;quantum communication;quantum computing hardware;quantum networking	2026-11-29	2026-12-03	Dublin, Ireland	TBA	TBA	TBA	TBA	https://qt.eu/events/eqtc-2026-european-quantum-technologies-conference	5	EU Quantum Flagship conference — all aspects of quantum technology, high visibility	upcoming	2026-05-24	confirmed Nov 29–Dec 3 Dublin	https://qt.eu/events/eqtc-2026-european-quantum-technologies-conference
photonics-west-2027	SPIE Photonics West 2027	PW 2027	Conference	integrated quantum photonics;silicon photonics;nonlinear optics;single-photon sources	2027-01-30	2027-02-04	San Francisco, CA, USA	2026-07-22	TBA	TBA	TBA	https://spie.org/conferences-and-exhibitions/photonics-west	5	SPIE flagship with Quantum West and Si-photonics tracks — abstract deadline Jul 22 2026	upcoming	2026-05-24	new entry; Jan 30–Feb 4 2027; abstract deadline 2026-07-22	https://spie.org/conferences-and-exhibitions/photonics-west; https://spie.org/conferences-and-exhibitions/photonics-west/program/browse-program
qip-2027	30th Quantum Information Processing Conference	QIP 2027	Conference	quantum communication;quantum computing hardware;quantum networking	2027-02-20	2027-02-26	Singapore	TBA	TBA	TBA	TBA	https://qipconference.org/2027/	4	Premier annual quantum information conference; quantum networking and hardware sessions	upcoming	2026-05-24	new entry; Feb 20-26 Singapore (CQT)	https://qipconference.org/2027/; https://qip.iaqi.org/nextqip
dpg-samop-2027	DPG Frühjahrstagung SAMOP 2027	DPG SAMOP 2027	Conference	quantum optics;nanophotonics;integrated quantum photonics	2027-02-28	2027-03-05	Hannover, Germany	TBA	TBA	TBA	TBA	https://dpg-physik.de/	4	DPG spring meeting for quantum optics and photonics — easily accessible from Münster	upcoming	2026-05-24	no change	https://dpg-physik.de/
ofc-2027	Optical Fiber Communication Conference 2027	OFC 2027	Conference	photonic integrated circuits;silicon photonics;quantum communication	2027-03-07	2027-03-11	Los Angeles, CA, USA	TBA	TBA	TBA	TBA	https://ofcconference.org/	4	World's largest optical comms conference with PIC and quantum networking sessions	upcoming	2026-05-24	new entry; Mar 7-11 2027 Los Angeles	https://ofcconference.org/
spie-oo-2027	SPIE Optics + Optoelectronics 2027	SPIE O+O 2027	Conference	integrated quantum photonics;quantum optics;nanophotonics	2027-04-05	2027-04-08	Prague, Czech Republic	TBA	TBA	TBA	TBA	TBA	4	SPIE European conference with quantum photonics and nanophotonics tracks	upcoming	2026-05-24	no change	original list
aps-summit-2027	APS Global Physics Summit 2027	APS Summit 2027	Conference	quantum optics;quantum computing hardware;integrated quantum photonics	2027-04-11	2027-04-16	Atlanta, GA, USA	TBA	TBA	TBA	TBA	https://www.aps.org/events/2027/summit	4	Joint APS March+April meeting; major quantum photonics and computing sessions	upcoming	2026-05-24	new entry; Apr 11-16 Atlanta	https://www.aps.org/events/2027/summit
cleo-europe-2027	CLEO/Europe-EQEC 2027	CLEO/Europe 2027	Conference	integrated quantum photonics;quantum optics;nonlinear optics;nanophotonics	2027-06-20	2027-06-25	Munich, Germany	TBA	TBA	TBA	TBA	https://cleoeurope.org/	5	Flagship European photonics and quantum optics biennial conference	upcoming	2026-05-24	corrected end date to Jun 25; part of World of Photonics Congress 2027	https://cleoeurope.org/; https://www.photonics-congress.com/en/about/conferences/cleo-eqec/
ieee-rapid-2027	IEEE Research and Applications of Photonics in Defense 2027	IEEE RAPID 2027	Conference	single-photon sources;quantum communication	2027-08-11	2027-08-13	Miramar Beach, FL, USA	TBA	TBA	TBA	TBA	https://ieee-rapid.org/	2	Defense photonics conference	upcoming	2026-05-24	no change	https://ieee-rapid.org/
ipc-2027	IEEE Photonics Conference 2027	IPC 2027	Conference	integrated quantum photonics;photonic integrated circuits;silicon photonics	2027-11-10	2027-11-14	Eindhoven, Netherlands	TBA	TBA	TBA	TBA	https://ieee-ipc.org/	4	IEEE photonics flagship; European edition in Eindhoven — low travel cost	upcoming	2026-05-24	no change	https://ieee-ipc.org/
photonics-switching-2026	Photonics in Switching and Computing 2026	PiS 2026	Conference	photonic integrated circuits;silicon photonics	TBA	TBA	TBA	TBA	TBA	TBA	TBA	TBA	3	Photonic switching and routing conference	upcoming	2026-05-24	no change; dates TBA (expected summer 2026)	original list
it-fab-school-2026	It-fab Italian Network for Micro and Nano Fabrication School 2026	It-fab School 2026	Summer School	photonic integrated circuits;nanophotonics	TBA	TBA	TBA	TBA	n/a	TBA	n/a	TBA	3	Italian nanofabrication school relevant to photonic device processing	upcoming	2026-05-24	no change; dates TBA (expected Oct 2026)	original list
opic	Optics & Photonics International Congress	OPIC	Conference	integrated quantum photonics;quantum optics;nanophotonics	TBA	TBA	TBA	TBA	TBA	TBA	TBA	TBA	3	Japanese international photonics congress with quantum tracks	upcoming	2026-05-24	placeholder; next edition dates TBA	original list
owtnm	Optical Wave & Waveguide Theory and Modelling Workshop	OWTNM	Workshop	photonic integrated circuits;nanophotonics	TBA	TBA	TBA	TBA	n/a	TBA	n/a	TBA	3	Waveguide modelling workshop relevant to PIC simulation	upcoming	2026-05-24	placeholder; next edition dates TBA	original list
opon-2025	OPON 2025 Münster	OPON 2025	Conference	integrated quantum photonics;nanophotonics	TBA	TBA	Münster, Germany	TBA	TBA	TBA	TBA	TBA	4	Local Münster photonics conference — direct access, no travel	upcoming	2026-05-24	no change; dates TBA	original list
nrw-nano-2026	NRW NanoConference 2026	NRW Nano 2026	Conference	nanophotonics;photonic integrated circuits	TBA	TBA	North Rhine-Westphalia, Germany	TBA	TBA	TBA	TBA	TBA	3	Regional NRW nanotechnology conference; local access	upcoming	2026-05-24	no change; dates TBA	original list
icqe	International Conference on Quantum Energy	ICQE	Conference	quantum computing hardware	TBA	TBA	TBA	TBA	TBA	TBA	TBA	TBA	2	Quantum energy applications; adjacent to quantum computing hardware	upcoming	2026-05-24	placeholder; next edition TBA	original list
